name,gender,race
barjraj,m,indian
ramdin verma,m,indian
sharat chandran,m,indian
birender mandal,m,indian
amit,m,indian
kushal,m,indian
kasid,m,indian
shiv prakash,m,indian
vikram singh,m,indian
sanjay,m,indian
abhi,m,indian
ram dutt gupta,m,indian
khadak singh,m,indian
gurmit singh,m,indian
chanderpal,m,indian
aman,m,indian
khursid,m,indian
rajeev,m,indian
durgesh,m,indian
nahar singh,m,indian
ram kumar,m,indian
sunder paal,m,indian
maansingh aswal,m,indian
rohit,m,indian
rohit,m,indian
sparsh,m,indian
santosh,m,indian
santosh,m,indian
punit khandelwal,m,indian
dinesh,m,indian
gulshan,m,indian
arvind kumar yadav,m,indian
nausad,m,indian
gurmit singh,m,indian
md. afsar,m,indian
shiv shakti singh,m,indian
moti lal,m,indian
kausal kumar,m,indian
rohit,m,indian
rohit,m,indian
mohabbat ali,m,indian
raj kumar,m,indian
jaswant singh,m,indian
sevak @ pitambar lal,m,indian
chotelal,m,indian
amit,m,indian
rupesh,m,indian
midda,m,indian
dharam singh,m,indian
manoj yadav @ manoj,m,indian
ram singh,m,indian
preetam kumar,m,indian
ram kumar,m,indian
sarain,m,indian
pankaj kumar,m,indian
sheak shakir,m,indian
riyasat ali,m,indian
vinit katariya,m,indian
sumit,m,indian
arindra,m,indian
kali charan,m,indian
badshya khan,m,indian
vikash,m,indian
devinder chadda,m,indian
aman,m,indian
mohan singh,m,indian
hemant,m,indian
shivam,m,indian
yash mittal,m,indian
aakash,m,indian
chandesh,m,indian
sumit mitra,m,indian
supriyal sen,m,indian
gajender singh @ goldy,m,indian
pooran chand sharma,m,indian
irfan,m,indian
azaruddin,m,indian
mukul yadav,m,indian
pooran chand sharma,m,indian
manoj,m,indian
sanjay charee,m,indian
raja babu,m,indian
pawan,m,indian
sandeep,m,indian
rajkumar chawla,m,indian
parvesh,m,indian
mohd ataullah,m,indian
neeraj kumar,m,indian
jamil khan,m,indian
yogita,m,indian
rijul aggarwal,m,indian
mohd shakib,m,indian
rahul kumar,m,indian
rajender,m,indian
suraj,m,indian
rizwan,m,indian
sandeep,m,indian
md mustafa,m,indian
har parsad,m,indian
deepak,m,indian
rahul,m,indian
abhishekh,m,indian
shelender yadav,m,indian
sanjay,m,indian
ankit,m,indian
mohd aakib,m,indian
surender singh chauhan,m,indian
amit,m,indian
arjun,m,indian
rahul sharma,m,indian
keshar ansari,m,indian
raju @ chhotu,m,indian
kuldeep singh,m,indian
santlal@golu,m,indian
lalit rana,m,indian
pulkit sharma,m,indian
aman soni @ badal,m,indian
jahoor ahmed meer,m,indian
sumit,m,indian
tammanne,m,indian
kailash kumar,m,indian
bhagwati prasad,m,indian
ajay,m,indian
silender,m,indian
deepak,m,indian
akhilesh,m,indian
dipendra kumar,m,indian
nitin,m,indian
doodhnath pandit,m,indian
aslam allam,m,indian
rahul,m,indian
jitender kumar,m,indian
adnan,m,indian
vijay,m,indian
yogesh,m,indian
kabir,m,indian
sarvesh,m,indian
rakesh sarkar,m,indian
akash gupta,m,indian
rahul,m,indian
pintu thakur,m,indian
vivek,m,indian
mohd khairul,m,indian
farmaan khan,m,indian
vansu dev,m,indian
vansu dev,m,indian
shyam kumar,m,indian
shafibul,m,indian
lalit kathuriya,m,indian
